repo_id,repository,community,downloads,releases,assets,commits,open_issues,closed_issues,total_issues,open_prs,closed_prs,total_prs,readme_issues,readme_commits
0,freeCodeCamp/freeCodeCamp,4770.0,0.0,0.0,0.0,30025.0,126.0,15709.0,15835.0,23.0,28561.0,28584.0,2.0,458.0
1,facebook/react,1786.0,2259.0,30.0,98.0,14807.0,728.0,10463.0,11191.0,252.0,11638.0,11890.0,0.0,129.0
2,twbs/bootstrap,1531.0,12121231.0,30.0,49.0,21532.0,314.0,20790.0,21104.0,118.0,13129.0,13247.0,1.0,438.0
3,trekhleb/javascript-algorithms,196.0,0.0,0.0,0.0,1030.0,97.0,185.0,282.0,139.0,416.0,555.0,0.0,312.0
4,d3/d3,136.0,135818.0,30.0,20.0,4322.0,3.0,2100.0,2103.0,0.0,1103.0,1103.0,2.0,192.0
5,facebook/create-react-app,929.0,0.0,30.0,0.0,2753.0,1213.0,6344.0,7557.0,302.0,3577.0,3879.0,0.0,188.0
6,axios/axios,335.0,0.0,30.0,0.0,1095.0,225.0,3274.0,3499.0,85.0,895.0,980.0,13.0,205.0
7,mui-org/material-ui,2698.0,0.0,30.0,0.0,19183.0,0.0,0.0,0.0,0.0,0.0,0.0,0.0,225.0
8,awesome-selfhosted/awesome-selfhosted,1095.0,0.0,0.0,0.0,4863.0,106.0,557.0,663.0,57.0,2103.0,2160.0,7.0,4226.0
9,FortAwesome/Font-Awesome,2.0,71795.0,30.0,60.0,3.0,5652.0,12382.0,18034.0,26.0,604.0,630.0,0.0,2.0
10,yangshun/tech-interview-handbook,110.0,0.0,0.0,0.0,506.0,8.0,38.0,46.0,0.0,214.0,214.0,0.0,63.0
11,ryanmcdermott/clean-code-javascript,117.0,0.0,0.0,0.0,540.0,40.0,78.0,118.0,14.0,233.0,247.0,0.0,456.0
12,webpack/webpack,825.0,0.0,30.0,0.0,15010.0,177.0,8706.0,8883.0,107.0,5490.0,5597.0,1.0,260.0
13,angular/angular.js,1855.0,0.0,0.0,0.0,9069.0,391.0,8645.0,9036.0,78.0,7875.0,7953.0,7.0,38.0
14,typicode/json-server,77.0,0.0,10.0,0.0,848.0,538.0,445.0,983.0,72.0,232.0,304.0,0.0,254.0
15,hakimel/reveal.js,333.0,0.0,30.0,0.0,2877.0,604.0,1491.0,2095.0,87.0,859.0,946.0,1.0,594.0
16,jquery/jquery,359.0,0.0,2.0,0.0,6561.0,70.0,2094.0,2164.0,11.0,2710.0,2721.0,11.0,105.0
17,expressjs/express,307.0,0.0,30.0,0.0,5688.0,110.0,3564.0,3674.0,46.0,1014.0,1060.0,6.0,254.0
18,adam-p/markdown-here,12.0,1518.0,11.0,6.0,807.0,282.0,307.0,589.0,27.0,48.0,75.0,1.0,120.0
19,h5bp/html5-boilerplate,310.0,2137945.0,30.0,15.0,2288.0,9.0,1243.0,1252.0,3.0,1376.0,1379.0,9.0,74.0
20,gatsbyjs/gatsby,4160.0,0.0,30.0,0.0,19923.0,129.0,13182.0,13311.0,201.0,19496.0,19697.0,10.0,416.0
21,tailwindlabs/tailwindcss,225.0,6290.0,30.0,100.0,4548.0,9.0,2169.0,2178.0,14.0,1672.0,1686.0,0.0,24.0
22,scutan90/DeepLearning-500-questions,124.0,0.0,0.0,0.0,1275.0,97.0,80.0,177.0,2.0,333.0,335.0,0.0,203.0
23,leonardomso/33-js-concepts,103.0,0.0,0.0,0.0,539.0,7.0,32.0,39.0,5.0,165.0,170.0,1.0,435.0
24,iptv-org/iptv,177.0,0.0,0.0,0.0,19256.0,336.0,1845.0,2181.0,6.0,4049.0,4055.0,0.0,977.0
25,meteor/meteor,818.0,0.0,0.0,0.0,31974.0,111.0,8587.0,8698.0,5.0,3082.0,3087.0,2.0,86.0
26,NARKOZ/hacker-scripts,58.0,0.0,0.0,0.0,148.0,34.0,37.0,71.0,30.0,109.0,139.0,0.0,14.0
27,serverless/serverless,1125.0,64152.0,30.0,90.0,15183.0,850.0,4705.0,5555.0,31.0,4847.0,4878.0,0.0,542.0
28,yarnpkg/yarn,544.0,36364.0,30.0,253.0,2351.0,1806.0,4533.0,6339.0,157.0,2110.0,2267.0,7.0,74.0
29,ColorlibHQ/AdminLTE,127.0,0.0,30.0,0.0,2462.0,38.0,2603.0,2641.0,18.0,1523.0,1541.0,0.0,94.0
30,parcel-bundler/parcel,358.0,0.0,14.0,0.0,2636.0,687.0,3758.0,4445.0,72.0,2393.0,2465.0,3.0,37.0
31,TryGhost/Ghost,475.0,5603.0,30.0,30.0,15651.0,30.0,6255.0,6285.0,23.0,7878.0,7901.0,11.0,132.0
32,nuxt/nuxt.js,346.0,0.0,30.0,0.0,5559.0,473.0,6158.0,6631.0,37.0,2869.0,2906.0,0.0,153.0
33,mermaid-js/mermaid,342.0,0.0,30.0,0.0,4395.0,603.0,1111.0,1714.0,7.0,1075.0,1082.0,0.0,163.0
34,nwjs/nw.js,128.0,0.0,0.0,0.0,4647.0,878.0,6131.0,7009.0,12.0,782.0,794.0,0.0,375.0
35,mozilla/pdf.js,436.0,1253069.0,30.0,40.0,15413.0,335.0,7773.0,8108.0,18.0,6454.0,6472.0,2.0,120.0
36,Unitech/pm2,311.0,0.0,30.0,0.0,4970.0,547.0,3943.0,4490.0,18.0,801.0,819.0,0.0,481.0
37,algorithm-visualizer/algorithm-visualizer,28.0,0.0,0.0,0.0,664.0,19.0,65.0,84.0,17.0,216.0,233.0,1.0,25.0
38,GitSquared/edex-ui,69.0,33734.0,29.0,129.0,1428.0,6.0,553.0,559.0,0.0,475.0,475.0,5.0,105.0
39,Marak/faker.js,0.0,0.0,2.0,0.0,0.0,0.0,0.0,0.0,0.0,0.0,0.0,0.0,0.0
40,hexojs/hexo,197.0,0.0,30.0,0.0,3517.0,73.0,3696.0,3769.0,5.0,1041.0,1046.0,1.0,51.0
41,sahat/hackathon-starter,202.0,0.0,13.0,0.0,2541.0,24.0,583.0,607.0,30.0,530.0,560.0,0.0,560.0
42,gulpjs/gulp,263.0,0.0,22.0,0.0,1197.0,26.0,1836.0,1862.0,3.0,645.0,648.0,5.0,140.0
43,videojs/video.js,495.0,14002.0,30.0,30.0,3798.0,393.0,4307.0,4700.0,15.0,2804.0,2819.0,2.0,59.0
44,koajs/koa,228.0,0.0,0.0,0.0,1150.0,33.0,826.0,859.0,29.0,719.0,748.0,3.0,107.0
45,microsoft/playwright,213.0,0.0,30.0,0.0,7197.0,410.0,4173.0,4583.0,22.0,7595.0,7617.0,6.0,217.0
46,lerna/lerna,282.0,0.0,30.0,0.0,2218.0,703.0,1488.0,2191.0,70.0,815.0,885.0,13.0,201.0
47,photonstorm/phaser,601.0,26144.0,30.0,99.0,17143.0,141.0,3705.0,3846.0,7.0,2092.0,2099.0,0.0,1706.0
48,jondot/awesome-react-native,631.0,0.0,0.0,0.0,2193.0,30.0,34.0,64.0,24.0,991.0,1015.0,0.0,1812.0
49,preactjs/preact,324.0,33.0,30.0,1.0,4993.0,145.0,1334.0,1479.0,83.0,1776.0,1859.0,2.0,133.0
50,carbon-app/carbon,183.0,0.0,30.0,0.0,1764.0,17.0,566.0,583.0,1.0,733.0,734.0,7.0,236.0
51,SheetJS/sheetjs,184.0,0.0,0.0,0.0,674.0,105.0,2114.0,2219.0,10.0,275.0,285.0,53.0,189.0
52,react-boilerplate/react-boilerplate,234.0,0.0,16.0,0.0,1457.0,57.0,1813.0,1870.0,36.0,1122.0,1158.0,11.0,119.0
53,tastejs/todomvc,366.0,0.0,5.0,0.0,2905.0,128.0,628.0,756.0,59.0,1223.0,1282.0,6.0,87.0
54,caolan/async,268.0,0.0,7.0,0.0,1855.0,5.0,1092.0,1097.0,8.0,704.0,712.0,10.0,309.0
55,kenwheeler/slick,174.0,0.0,30.0,0.0,921.0,1130.0,2358.0,3488.0,209.0,466.0,675.0,5.0,131.0
56,gorhill/uBlock,111.0,75694.0,30.0,103.0,9679.0,35.0,3416.0,3451.0,0.0,325.0,325.0,3.0,371.0
57,vuejs/vuex,337.0,0.0,30.0,0.0,1199.0,80.0,1131.0,1211.0,39.0,876.0,915.0,0.0,44.0
58,jgraph/drawio,37.0,3113.0,30.0,30.0,1728.0,230.0,2067.0,2297.0,1.0,135.0,136.0,0.0,78.0
59,markedjs/marked,147.0,0.0,30.0,0.0,2681.0,47.0,1175.0,1222.0,2.0,1121.0,1123.0,0.0,141.0
60,jashkenas/underscore,335.0,0.0,0.0,0.0,2775.0,32.0,1367.0,1399.0,18.0,1484.0,1502.0,0.0,10.0
61,elsewhencode/project-guidelines,77.0,0.0,0.0,0.0,165.0,9.0,28.0,37.0,2.0,118.0,120.0,2.0,113.0
62,atlassian/react-beautiful-dnd,129.0,0.0,30.0,0.0,795.0,446.0,998.0,1444.0,62.0,863.0,925.0,10.0,163.0
63,webtorrent/webtorrent,189.0,0.0,30.0,0.0,3088.0,99.0,1392.0,1491.0,7.0,704.0,711.0,0.0,298.0
64,sentsin/layui,20.0,2664.0,30.0,8.0,335.0,633.0,125.0,758.0,115.0,100.0,215.0,0.0,49.0
65,request/request,347.0,0.0,0.0,0.0,2270.0,88.0,2130.0,2218.0,29.0,1128.0,1157.0,3.0,282.0
66,sequelize/sequelize,1181.0,0.0,30.0,0.0,9210.0,787.0,8829.0,9616.0,54.0,4403.0,4457.0,4.0,214.0
67,naptha/tesseract.js,59.0,0.0,30.0,0.0,627.0,105.0,373.0,478.0,19.0,97.0,116.0,0.0,182.0
68,select2/select2,551.0,0.0,29.0,0.0,2635.0,64.0,4622.0,4686.0,12.0,1436.0,1448.0,4.0,67.0
69,github/fetch,76.0,11658017.0,30.0,5.0,654.0,15.0,570.0,585.0,2.0,286.0,288.0,10.0,77.0
70,typicode/husky,91.0,0.0,30.0,0.0,814.0,10.0,800.0,810.0,3.0,295.0,298.0,0.0,193.0
71,GitbookIO/gitbook,97.0,0.0,0.0,0.0,2377.0,0.0,0.0,0.0,64.0,315.0,379.0,0.0,125.0
72,codemirror/CodeMirror,982.0,0.0,30.0,0.0,7048.0,415.0,3640.0,4055.0,25.0,2763.0,2788.0,1.0,29.0
73,GoogleChrome/lighthouse,334.0,0.0,30.0,0.0,5124.0,490.0,7673.0,8163.0,56.0,4750.0,4806.0,0.0,277.0
74,goabstract/Awesome-Design-Tools,241.0,0.0,0.0,0.0,1649.0,1.0,25.0,26.0,53.0,306.0,359.0,0.0,867.0
75,Automattic/mongoose,784.0,0.0,21.0,0.0,15718.0,326.0,8925.0,9251.0,15.0,2097.0,2112.0,8.0,160.0
76,SortableJS/Sortable,178.0,0.0,23.0,0.0,1074.0,348.0,1262.0,1610.0,14.0,450.0,464.0,11.0,207.0
77,parallax/jsPDF,208.0,0.0,30.0,0.0,2266.0,100.0,2084.0,2184.0,11.0,1184.0,1195.0,1.0,53.0
78,bvaughn/react-virtualized,223.0,0.0,4.0,0.0,1985.0,387.0,709.0,1096.0,60.0,547.0,607.0,1.0,94.0
79,pcottle/learnGitBranching,265.0,0.0,0.0,0.0,2646.0,10.0,382.0,392.0,2.0,535.0,537.0,15.0,119.0
80,OAI/OpenAPI-Specification,218.0,0.0,10.0,0.0,1927.0,488.0,1324.0,1812.0,40.0,924.0,964.0,60.0,144.0
81,ccxt/ccxt,654.0,0.0,0.0,0.0,50063.0,518.0,6145.0,6663.0,164.0,5340.0,5504.0,0.0,7061.0
82,Binaryify/NeteaseCloudMusicApi,75.0,0.0,30.0,0.0,1144.0,92.0,1032.0,1124.0,14.0,324.0,338.0,55.0,139.0
83,balderdashy/sails,294.0,0.0,30.0,0.0,7143.0,456.0,5835.0,6291.0,64.0,831.0,895.0,1.0,249.0
84,pure-css/pure,71.0,42833.0,24.0,11.0,719.0,0.0,562.0,562.0,0.0,367.0,367.0,5.0,82.0
85,redux-saga/redux-saga,353.0,0.0,30.0,0.0,1902.0,38.0,1392.0,1430.0,13.0,790.0,803.0,4.0,137.0
86,mdbootstrap/mdb-ui-kit,117.0,0.0,16.0,0.0,1447.0,2.0,1134.0,1136.0,0.0,328.0,328.0,4.0,129.0
87,immerjs/immer,159.0,0.0,30.0,0.0,1242.0,21.0,531.0,552.0,14.0,348.0,362.0,23.0,177.0
88,Tencent/wepy,191.0,0.0,8.0,0.0,2381.0,346.0,1783.0,2129.0,34.0,609.0,643.0,0.0,137.0
89,ramda/ramda,344.0,0.0,26.0,0.0,2963.0,120.0,1428.0,1548.0,22.0,1662.0,1684.0,7.0,134.0
90,fastify/fastify,497.0,0.0,30.0,0.0,3154.0,50.0,1303.0,1353.0,9.0,2236.0,2245.0,14.0,198.0
91,swagger-api/swagger-ui,527.0,0.0,30.0,0.0,5360.0,677.0,4064.0,4741.0,51.0,2978.0,3029.0,1.0,321.0
92,facebook/draft-js,338.0,0.0,26.0,0.0,1147.0,764.0,964.0,1728.0,166.0,1179.0,1345.0,4.0,30.0
93,bevacqua/dragula,44.0,0.0,0.0,0.0,366.0,98.0,406.0,504.0,51.0,134.0,185.0,2.0,85.0
94,feathericons/feather,40.0,0.0,30.0,0.0,634.0,339.0,221.0,560.0,113.0,450.0,563.0,1.0,72.0
95,mochajs/mocha,556.0,0.0,30.0,0.0,3558.0,225.0,2568.0,2793.0,38.0,1939.0,1977.0,7.0,37.0
96,rollup/rollup,317.0,0.0,30.0,0.0,4858.0,362.0,2392.0,2754.0,21.0,1645.0,1666.0,1.0,67.0
97,sampotts/plyr,185.0,0.0,30.0,0.0,2205.0,702.0,1143.0,1845.0,32.0,462.0,494.0,8.0,28.0
98,paularmstrong/normalizr,72.0,147.0,25.0,54.0,454.0,22.0,279.0,301.0,16.0,173.0,189.0,3.0,21.0
99,fabricjs/fabric.js,289.0,0.0,30.0,0.0,4390.0,247.0,5104.0,5351.0,36.0,2039.0,2075.0,2.0,157.0
100,tmorozov/tim-expedia-api,1.0,0.0,0.0,0.0,25.0,2.0,0.0,2.0,0.0,0.0,0.0,0.0,1.0
101,Scoutski/mystery,1.0,0.0,0.0,0.0,29.0,3.0,2.0,5.0,0.0,4.0,4.0,0.0,3.0
102,yourhead/ImageFunStack,1.0,0.0,0.0,0.0,11.0,0.0,0.0,0.0,0.0,0.0,0.0,0.0,7.0
103,spark3dp/webapp-samples,7.0,0.0,0.0,0.0,740.0,0.0,0.0,0.0,0.0,0.0,0.0,0.0,31.0
104,cgmartin/angular-spa-browserify-example,2.0,0.0,0.0,0.0,120.0,0.0,0.0,0.0,0.0,0.0,0.0,0.0,20.0
105,jacopotarantino/Lovelace,3.0,0.0,0.0,0.0,77.0,12.0,6.0,18.0,0.0,2.0,2.0,4.0,19.0
106,JakeCooper/Globo-Gym-Reboot,9.0,0.0,0.0,0.0,430.0,11.0,6.0,17.0,0.0,138.0,138.0,0.0,8.0
107,opencartbrasil/url-amigavel-automatica,1.0,0.0,0.0,0.0,20.0,0.0,2.0,2.0,0.0,0.0,0.0,0.0,7.0
108,lukaslaobeyer/simplereflowserver,1.0,0.0,0.0,0.0,6.0,0.0,0.0,0.0,0.0,0.0,0.0,0.0,2.0
109,lizhanhui/rocketmq-cockpit,4.0,0.0,0.0,0.0,367.0,0.0,0.0,0.0,0.0,0.0,0.0,0.0,2.0
110,implicit-explicit/meetup_hacking,7.0,0.0,0.0,0.0,53.0,0.0,0.0,0.0,0.0,0.0,0.0,0.0,7.0
111,lasergoat/homepress,3.0,0.0,0.0,0.0,42.0,0.0,0.0,0.0,0.0,0.0,0.0,0.0,24.0
112,alejo8591/unipiloto-am-3,3.0,0.0,0.0,0.0,21.0,0.0,17.0,17.0,0.0,0.0,0.0,0.0,5.0
113,ahomu/rx.observable.combinetemplate,1.0,0.0,0.0,0.0,29.0,1.0,1.0,2.0,0.0,0.0,0.0,0.0,4.0
114,cameronhunter/alexa-annotations,5.0,0.0,0.0,0.0,133.0,0.0,0.0,0.0,0.0,26.0,26.0,0.0,21.0
115,kylewelsby/airplay-chromecast,1.0,0.0,0.0,0.0,3.0,1.0,0.0,1.0,0.0,0.0,0.0,0.0,1.0
116,linagora/awesome-angular-swipe,6.0,0.0,0.0,0.0,48.0,4.0,6.0,10.0,0.0,11.0,11.0,5.0,8.0
117,tobilg/docker-mongodb-marathon,5.0,0.0,0.0,0.0,14.0,0.0,3.0,3.0,0.0,2.0,2.0,0.0,6.0
118,CrossLead/angular-zendesk-widget,8.0,0.0,4.0,0.0,40.0,3.0,4.0,7.0,1.0,7.0,8.0,0.0,4.0
119,predixdesignsystem/px-app-nav,31.0,0.0,11.0,0.0,394.0,0.0,72.0,72.0,0.0,41.0,41.0,0.0,18.0
120,AnalyzeOrFeed/aof-replay-client,2.0,4050.0,11.0,15.0,88.0,1.0,0.0,1.0,0.0,0.0,0.0,0.0,4.0
121,AdamBrodzinski/phoenix-rethinkdb-example,1.0,0.0,0.0,0.0,6.0,0.0,0.0,0.0,0.0,0.0,0.0,0.0,2.0
122,react-d3/react-d3-tooltip,9.0,0.0,0.0,0.0,88.0,13.0,10.0,23.0,2.0,6.0,8.0,0.0,10.0
123,maeltm/node-google-id-token-verifier,2.0,0.0,0.0,0.0,27.0,3.0,1.0,4.0,1.0,5.0,6.0,0.0,8.0
124,mafintosh/stream-set,1.0,0.0,0.0,0.0,6.0,0.0,0.0,0.0,0.0,0.0,0.0,0.0,4.0
125,kidnes/webpack_vue_easyui,1.0,0.0,0.0,0.0,4.0,0.0,0.0,0.0,0.0,0.0,0.0,0.0,2.0
126,cmxiaocai/Hi-Timed,1.0,0.0,0.0,0.0,9.0,0.0,0.0,0.0,0.0,0.0,0.0,0.0,8.0
127,dainnilsson/flask-u2f-tutorial,3.0,0.0,0.0,0.0,17.0,0.0,4.0,4.0,1.0,1.0,2.0,0.0,4.0
128,cohitre/redux-json-api,1.0,0.0,0.0,0.0,8.0,0.0,0.0,0.0,0.0,0.0,0.0,0.0,1.0
129,yoshuawuyts/npm-install-package,3.0,0.0,0.0,0.0,11.0,0.0,0.0,0.0,0.0,0.0,0.0,0.0,4.0
130,mcollina/we-are-not-object-oriented-anymore-demo,2.0,0.0,0.0,0.0,8.0,0.0,0.0,0.0,0.0,0.0,0.0,0.0,2.0
131,lovetheory/nkc2,13.0,0.0,0.0,0.0,1812.0,0.0,3.0,3.0,0.0,66.0,66.0,0.0,40.0
132,freeqaz/redux-simple-router-example,2.0,0.0,0.0,0.0,12.0,1.0,0.0,1.0,1.0,0.0,1.0,0.0,9.0
133,buckhx/diglet,3.0,71.0,13.0,18.0,308.0,29.0,18.0,47.0,0.0,6.0,6.0,0.0,29.0
134,newghost/redblade,2.0,0.0,0.0,0.0,12.0,0.0,0.0,0.0,0.0,0.0,0.0,0.0,11.0
135,girliemac/dash-rickroll,1.0,0.0,0.0,0.0,6.0,1.0,0.0,1.0,0.0,0.0,0.0,0.0,6.0
136,JSJitsu/hero-starter,19.0,0.0,0.0,0.0,140.0,1.0,24.0,25.0,2.0,9.0,11.0,0.0,31.0
137,jhades/ng2-minimal,5.0,0.0,0.0,0.0,119.0,0.0,3.0,3.0,0.0,4.0,4.0,0.0,67.0
138,botwiki/botmakers.org,3.0,0.0,0.0,0.0,59.0,1.0,0.0,1.0,6.0,0.0,6.0,0.0,8.0
139,webdriverio-boneyard/wdio-mocha-framework,13.0,0.0,0.0,0.0,353.0,0.0,0.0,0.0,0.0,0.0,0.0,1.0,13.0
140,kunalgolani/eslint-config,10.0,0.0,0.0,0.0,111.0,2.0,10.0,12.0,27.0,41.0,68.0,0.0,8.0
141,taggon/tidev,2.0,0.0,0.0,0.0,4.0,0.0,2.0,2.0,0.0,1.0,1.0,1.0,3.0
142,Vicfeel/OTMaps,2.0,0.0,0.0,0.0,42.0,7.0,2.0,9.0,0.0,0.0,0.0,0.0,21.0
143,ivandoric/one-page-app-with-drupal-and-vue,1.0,0.0,12.0,0.0,14.0,3.0,1.0,4.0,0.0,0.0,0.0,0.0,1.0
144,batdevis/swagger_engine,3.0,0.0,0.0,0.0,41.0,8.0,4.0,12.0,3.0,3.0,6.0,0.0,15.0
145,thelastpickle/cassandra-zipkin-tracing,3.0,0.0,0.0,0.0,15.0,3.0,7.0,10.0,2.0,2.0,4.0,0.0,5.0
146,mjkaufer/Emoodji,1.0,0.0,0.0,0.0,10.0,2.0,0.0,2.0,0.0,0.0,0.0,0.0,0.0
147,eliquious/electronify-server,4.0,0.0,3.0,0.0,39.0,1.0,6.0,7.0,0.0,9.0,9.0,0.0,10.0
148,wacai/pt-goodjob,1.0,0.0,0.0,0.0,14.0,1.0,0.0,1.0,0.0,0.0,0.0,0.0,5.0
149,mixmaxhq/electron-editor-context-menu,10.0,0.0,0.0,0.0,24.0,3.0,4.0,7.0,0.0,10.0,10.0,0.0,7.0
150,graphistry/cljs,5.0,0.0,0.0,0.0,41.0,2.0,4.0,6.0,0.0,6.0,6.0,0.0,2.0
151,simon-engledew/dockerweb,3.0,0.0,0.0,0.0,15.0,0.0,0.0,0.0,0.0,0.0,0.0,0.0,10.0
152,kimeshan/mf-proto,1.0,0.0,0.0,0.0,5.0,2.0,0.0,2.0,0.0,0.0,0.0,0.0,4.0
153,react-component/m-drawer,5.0,0.0,0.0,0.0,30.0,6.0,4.0,10.0,9.0,63.0,72.0,0.0,8.0
154,davideast/firebase-ionic-login-sample,1.0,0.0,0.0,0.0,2.0,0.0,0.0,0.0,0.0,0.0,0.0,0.0,1.0
155,BoLaMN/loopback-component-admin,7.0,0.0,0.0,0.0,32.0,0.0,0.0,0.0,0.0,0.0,0.0,0.0,4.0
156,yoshuawuyts/server-router,12.0,0.0,1.0,0.0,78.0,2.0,5.0,7.0,0.0,27.0,27.0,0.0,21.0
157,raquelxmoss/cycle-color-picker,5.0,0.0,1.0,0.0,95.0,2.0,0.0,2.0,0.0,10.0,10.0,0.0,8.0
158,axross/tap-notify,2.0,0.0,2.0,0.0,16.0,2.0,2.0,4.0,1.0,3.0,4.0,0.0,6.0
159,bakery/parse-graphql-server,1.0,0.0,0.0,0.0,15.0,1.0,1.0,2.0,0.0,1.0,1.0,0.0,3.0
160,depop/archived-graphql-helpers,1.0,0.0,0.0,0.0,29.0,4.0,2.0,6.0,0.0,0.0,0.0,0.0,9.0
161,uy-xela/atom-tomatimer,3.0,0.0,0.0,0.0,77.0,5.0,2.0,7.0,0.0,18.0,18.0,0.0,18.0
162,sogko/todomvc-relay-go,1.0,0.0,0.0,0.0,6.0,2.0,1.0,3.0,1.0,0.0,1.0,0.0,2.0
163,voronianski/xml2obj-stream,1.0,0.0,0.0,0.0,44.0,1.0,0.0,1.0,0.0,0.0,0.0,0.0,34.0
164,nathanmarks/jss-theme-reactor,6.0,0.0,0.0,0.0,100.0,7.0,16.0,23.0,2.0,21.0,23.0,4.0,14.0
165,prettydiff/biddle,6.0,0.0,0.0,0.0,785.0,0.0,0.0,0.0,0.0,0.0,0.0,10.0,79.0
166,ljunb/react-native-iCityAction,2.0,0.0,0.0,0.0,22.0,0.0,0.0,0.0,0.0,0.0,0.0,0.0,6.0
167,madshargreave/gitchecker,1.0,0.0,0.0,0.0,22.0,1.0,1.0,2.0,0.0,0.0,0.0,0.0,5.0
168,krakenjs/generator-swaggerize,22.0,0.0,3.0,0.0,199.0,11.0,37.0,48.0,1.0,60.0,61.0,2.0,17.0
169,thenables/composition,6.0,0.0,0.0,0.0,30.0,0.0,0.0,0.0,0.0,5.0,5.0,0.0,3.0
170,alexbeletsky/brick,1.0,0.0,0.0,0.0,14.0,0.0,0.0,0.0,0.0,0.0,0.0,0.0,3.0
171,feeblejs/feeble,3.0,0.0,6.0,0.0,173.0,0.0,4.0,4.0,0.0,5.0,5.0,0.0,33.0
172,codepan/ionic,2.0,0.0,0.0,0.0,2.0,4.0,0.0,4.0,0.0,0.0,0.0,0.0,1.0
173,yinfxs/ibird,1.0,0.0,0.0,0.0,340.0,0.0,0.0,0.0,0.0,0.0,0.0,0.0,18.0
174,aurelia/bootstrapper,22.0,0.0,30.0,0.0,252.0,1.0,39.0,40.0,13.0,33.0,46.0,0.0,15.0
175,city41/node-sql-fixtures,6.0,0.0,0.0,0.0,135.0,5.0,30.0,35.0,1.0,12.0,13.0,5.0,42.0
176,rollup/three-jsnext,2.0,0.0,0.0,0.0,54.0,5.0,3.0,8.0,0.0,3.0,3.0,0.0,6.0
177,dmatteo/jsdomify,4.0,0.0,0.0,0.0,185.0,1.0,14.0,15.0,1.0,382.0,383.0,0.0,15.0
178,platzi/platzigram,1.0,0.0,0.0,0.0,5.0,1.0,1.0,2.0,1.0,1.0,2.0,0.0,0.0
179,dermike/conversational-ui,2.0,0.0,0.0,0.0,25.0,0.0,1.0,1.0,0.0,0.0,0.0,0.0,6.0
180,piliyu/react-getting-started,1.0,0.0,0.0,0.0,4.0,0.0,0.0,0.0,0.0,0.0,0.0,0.0,3.0
181,shama/base-element,4.0,0.0,0.0,0.0,130.0,4.0,7.0,11.0,0.0,12.0,12.0,2.0,44.0
182,node-hocus-pocus/legerdemain,2.0,0.0,0.0,0.0,24.0,3.0,1.0,4.0,2.0,1.0,3.0,0.0,4.0
183,josegonzalez/real-aws-status,5.0,2675.0,4.0,3.0,20.0,6.0,10.0,16.0,0.0,1.0,1.0,0.0,6.0
184,vanng822/pagination,5.0,0.0,5.0,0.0,97.0,1.0,5.0,6.0,0.0,3.0,3.0,0.0,26.0
185,omarish/tweetable,2.0,0.0,0.0,0.0,11.0,1.0,0.0,1.0,0.0,0.0,0.0,0.0,8.0
186,lavrton/Progressive-Web-App-Loading,2.0,0.0,0.0,0.0,5.0,0.0,0.0,0.0,0.0,1.0,1.0,0.0,1.0
187,stevenhauser/i-have-to-return-some-videotapes,3.0,0.0,0.0,0.0,168.0,4.0,4.0,8.0,0.0,9.0,9.0,0.0,6.0
188,css-modules/css-modules-loader-core,8.0,0.0,0.0,0.0,145.0,19.0,7.0,26.0,13.0,198.0,211.0,0.0,7.0
189,bentolor/java9-in-action,5.0,0.0,0.0,0.0,26.0,0.0,0.0,0.0,0.0,4.0,4.0,0.0,4.0
190,humangeo/leaflet-tilefilter,7.0,0.0,0.0,0.0,25.0,5.0,3.0,8.0,0.0,0.0,0.0,0.0,5.0
191,thejsway/thejsway_fr-code,4.0,0.0,0.0,0.0,94.0,8.0,3.0,11.0,9.0,9.0,18.0,0.0,8.0
192,Yaska/redux-mediaquery,5.0,0.0,1.0,0.0,22.0,2.0,0.0,2.0,0.0,0.0,0.0,0.0,16.0
193,RealOrangeOne/react-native-busy-indicator,7.0,0.0,3.0,0.0,78.0,0.0,5.0,5.0,0.0,18.0,18.0,0.0,18.0
194,uupaa/UserAgent.js,1.0,0.0,0.0,0.0,36.0,1.0,3.0,4.0,0.0,1.0,1.0,1.0,8.0
195,jedireza/generator-hapi-style,3.0,0.0,0.0,0.0,74.0,1.0,14.0,15.0,0.0,20.0,20.0,1.0,12.0
196,springernature/webpagetest-mapper,5.0,0.0,0.0,0.0,340.0,3.0,10.0,13.0,1.0,11.0,12.0,1.0,46.0
197,philipshurpik/react-native-animated-tabs,1.0,0.0,0.0,0.0,34.0,2.0,2.0,4.0,0.0,0.0,0.0,0.0,8.0
198,Polyfiller/polyfiller,1.0,0.0,0.0,0.0,217.0,0.0,0.0,0.0,0.0,0.0,0.0,0.0,82.0
199,,0.0,0.0,,,0.0,0.0,0.0,0.0,0.0,0.0,0.0,0.0,0.0
