fullname,C0,C1,C2,C3,C4,C5,C6,C7,C8,number_of_stars,num_of_watchers,num_of_forks,repo_id,repository,community,downloads,releases,assets,commits,open_issues,closed_issues,total_issues,open_prs,closed_prs,total_prs,readme_issues,readme_commits,Rank,Rank_real,star_rank,fork_rank,watchers_rank,pullrequest_rank,label
freeCodeCamp/freeCodeCamp,1,1,0,0,1,1,1,1,0,336875,336875,27460,0,freeCodeCamp/freeCodeCamp,4770.0,0.0,0.0,0.0,30025.0,126.0,15709.0,15835.0,23.0,28561.0,28584.0,2.0,458.0,745.0,187.0,187.0,184.0,187.0,187.0,1
facebook/react,0,1,0,1,0,1,1,1,0,178604,178604,36193,1,facebook/react,1786.0,2259.0,30.0,98.0,14807.0,728.0,10463.0,11191.0,252.0,11638.0,11890.0,0.0,129.0,742.0,185.0,186.0,186.0,186.0,184.0,1
twbs/bootstrap,1,1,0,1,1,1,1,1,0,154234,154234,75451,2,twbs/bootstrap,1531.0,12121231.0,30.0,49.0,21532.0,314.0,20790.0,21104.0,118.0,13129.0,13247.0,1.0,438.0,742.0,185.0,185.0,187.0,185.0,185.0,1
trekhleb/javascript-algorithms,0,1,0,1,1,1,1,0,0,127524,127524,20877,3,trekhleb/javascript-algorithms,196.0,0.0,0.0,0.0,1030.0,97.0,185.0,282.0,139.0,416.0,555.0,0.0,312.0,668.0,177.0,184.0,180.0,184.0,120.0,1
d3/d3,0,1,0,1,0,0,1,0,0,99484,99484,22896,4,d3/d3,136.0,135818.0,30.0,20.0,4322.0,3.0,2100.0,2103.0,0.0,1103.0,1103.0,2.0,192.0,692.0,182.0,183.0,181.0,183.0,145.0,1
facebook/create-react-app,0,1,0,1,1,1,1,1,0,91797,91797,23300,5,facebook/create-react-app,929.0,0.0,30.0,0.0,2753.0,1213.0,6344.0,7557.0,302.0,3577.0,3879.0,0.0,188.0,719.0,184.0,182.0,182.0,182.0,173.0,1
axios/axios,1,1,0,1,1,1,1,0,0,89600,89600,8963,6,axios/axios,335.0,0.0,30.0,0.0,1095.0,225.0,3274.0,3499.0,85.0,895.0,980.0,13.0,205.0,670.0,178.0,181.0,168.0,181.0,140.0,1
mui-org/material-ui,1,1,0,1,1,1,1,1,0,73433,73433,25121,7,mui-org/material-ui,2698.0,0.0,30.0,0.0,19183.0,0.0,0.0,0.0,0.0,0.0,0.0,0.0,225.0,544.0,136.0,180.0,183.0,180.0,1.0,1
awesome-selfhosted/awesome-selfhosted,1,1,0,1,0,1,1,1,0,69232,69232,4999,8,awesome-selfhosted/awesome-selfhosted,1095.0,0.0,0.0,0.0,4863.0,106.0,557.0,663.0,57.0,2103.0,2160.0,7.0,4226.0,662.0,175.0,179.0,141.0,179.0,163.0,1
FortAwesome/Font-Awesome,1,1,0,1,1,1,1,1,0,66820,66820,11728,9,FortAwesome/Font-Awesome,2.0,71795.0,30.0,60.0,3.0,5652.0,12382.0,18034.0,26.0,604.0,630.0,0.0,2.0,653.0,171.0,178.0,173.0,178.0,124.0,1
yangshun/tech-interview-handbook,1,1,0,0,0,1,1,1,0,61895,61895,8637,10,yangshun/tech-interview-handbook,110.0,0.0,0.0,0.0,506.0,8.0,38.0,46.0,0.0,214.0,214.0,0.0,63.0,621.0,165.0,177.0,167.0,177.0,100.0,1
ryanmcdermott/clean-code-javascript,1,1,0,1,0,0,1,0,0,60618,60618,7746,11,ryanmcdermott/clean-code-javascript,117.0,0.0,0.0,0.0,540.0,40.0,78.0,118.0,14.0,233.0,247.0,0.0,456.0,615.0,163.0,176.0,160.0,176.0,103.0,1
webpack/webpack,1,1,0,1,0,1,1,0,0,59919,59919,8110,12,webpack/webpack,825.0,0.0,30.0,0.0,15010.0,177.0,8706.0,8883.0,107.0,5490.0,5597.0,1.0,260.0,691.0,180.0,175.0,162.0,175.0,179.0,1
angular/angular.js,1,1,0,0,0,0,1,1,0,59582,59582,28414,13,angular/angular.js,1855.0,0.0,0.0,0.0,9069.0,391.0,8645.0,9036.0,78.0,7875.0,7953.0,7.0,38.0,716.0,183.0,174.0,185.0,174.0,183.0,1
typicode/json-server,1,1,0,1,0,1,1,0,0,58244,58244,5613,14,typicode/json-server,77.0,0.0,10.0,0.0,848.0,538.0,445.0,983.0,72.0,232.0,304.0,0.0,254.0,600.0,157.0,173.0,147.0,173.0,107.0,1
hakimel/reveal.js,0,1,0,1,0,1,1,0,0,57905,57905,15864,15,hakimel/reveal.js,333.0,0.0,30.0,0.0,2877.0,604.0,1491.0,2095.0,87.0,859.0,946.0,1.0,594.0,659.0,173.0,172.0,177.0,172.0,138.0,1
jquery/jquery,0,1,0,1,0,0,1,1,0,55635,55635,20183,16,jquery/jquery,359.0,0.0,2.0,0.0,6561.0,70.0,2094.0,2164.0,11.0,2710.0,2721.0,11.0,105.0,688.0,179.0,171.0,179.0,171.0,167.0,1
expressjs/express,0,1,0,1,0,1,1,1,0,55146,55146,9324,17,expressjs/express,307.0,0.0,30.0,0.0,5688.0,110.0,3564.0,3674.0,46.0,1014.0,1060.0,6.0,254.0,653.0,171.0,170.0,170.0,170.0,143.0,1
adam-p/markdown-here,1,1,0,1,0,1,1,1,0,53761,53761,10301,18,adam-p/markdown-here,12.0,1518.0,11.0,6.0,807.0,282.0,307.0,589.0,27.0,48.0,75.0,1.0,120.0,600.0,157.0,169.0,172.0,169.0,90.0,1
h5bp/html5-boilerplate,0,1,0,1,0,1,1,1,0,51961,51961,11822,19,h5bp/html5-boilerplate,310.0,2137945.0,30.0,15.0,2288.0,9.0,1243.0,1252.0,3.0,1376.0,1379.0,9.0,74.0,662.0,175.0,168.0,174.0,168.0,152.0,1
gatsbyjs/gatsby,1,1,0,1,0,1,0,1,0,51851,51851,10013,20,gatsbyjs/gatsby,4160.0,0.0,30.0,0.0,19923.0,129.0,13182.0,13311.0,201.0,19496.0,19697.0,10.0,416.0,691.0,180.0,167.0,171.0,167.0,186.0,1
tailwindlabs/tailwindcss,0,1,0,0,0,0,1,1,0,49715,49715,2356,21,tailwindlabs/tailwindcss,225.0,6290.0,30.0,100.0,4548.0,9.0,2169.0,2178.0,14.0,1672.0,1686.0,0.0,24.0,601.0,160.0,166.0,112.0,166.0,157.0,1
scutan90/DeepLearning-500-questions,1,0,0,0,1,0,0,0,0,46592,46592,14573,22,scutan90/DeepLearning-500-questions,124.0,0.0,0.0,0.0,1275.0,97.0,80.0,177.0,2.0,333.0,335.0,0.0,203.0,615.0,163.0,165.0,176.0,165.0,109.0,1
leonardomso/33-js-concepts,1,1,0,1,1,0,1,0,1,45398,45398,5954,23,leonardomso/33-js-concepts,103.0,0.0,0.0,0.0,539.0,7.0,32.0,39.0,5.0,165.0,170.0,1.0,435.0,574.0,152.0,164.0,150.0,164.0,96.0,1
iptv-org/iptv,0,1,0,1,0,0,1,1,0,42888,42888,4110,24,iptv-org/iptv,177.0,0.0,0.0,0.0,19256.0,336.0,1845.0,2181.0,6.0,4049.0,4055.0,0.0,977.0,636.0,166.0,163.0,136.0,163.0,174.0,1
meteor/meteor,0,0,0,1,0,0,1,0,0,42714,42714,5192,25,meteor/meteor,818.0,0.0,0.0,0.0,31974.0,111.0,8587.0,8698.0,5.0,3082.0,3087.0,2.0,86.0,640.0,167.0,162.0,144.0,162.0,172.0,1
NARKOZ/hacker-scripts,0,1,0,1,0,0,0,0,0,42587,42587,6560,26,NARKOZ/hacker-scripts,58.0,0.0,0.0,0.0,148.0,34.0,37.0,71.0,30.0,109.0,139.0,0.0,14.0,571.0,147.0,161.0,154.0,161.0,95.0,1
serverless/serverless,0,1,0,1,1,1,1,1,0,41469,41469,5035,27,serverless/serverless,1125.0,64152.0,30.0,90.0,15183.0,850.0,4705.0,5555.0,31.0,4847.0,4878.0,0.0,542.0,640.0,167.0,160.0,143.0,160.0,177.0,1
yarnpkg/yarn,0,1,0,1,0,1,1,1,0,40296,40296,2755,28,yarnpkg/yarn,544.0,36364.0,30.0,253.0,2351.0,1806.0,4533.0,6339.0,157.0,2110.0,2267.0,7.0,74.0,600.0,157.0,159.0,117.0,159.0,165.0,1
ColorlibHQ/AdminLTE,0,1,0,1,1,1,1,1,0,40017,40017,17168,29,ColorlibHQ/AdminLTE,127.0,0.0,30.0,0.0,2462.0,38.0,2603.0,2641.0,18.0,1523.0,1541.0,0.0,94.0,648.0,169.0,158.0,178.0,158.0,154.0,1
parcel-bundler/parcel,1,1,0,1,0,1,1,1,0,39581,39581,2036,30,parcel-bundler/parcel,358.0,0.0,14.0,0.0,2636.0,687.0,3758.0,4445.0,72.0,2393.0,2465.0,3.0,37.0,588.0,154.0,157.0,108.0,157.0,166.0,1
TryGhost/Ghost,0,0,0,1,0,1,0,1,0,39155,39155,8464,31,TryGhost/Ghost,475.0,5603.0,30.0,30.0,15651.0,30.0,6255.0,6285.0,23.0,7878.0,7901.0,11.0,132.0,659.0,173.0,156.0,165.0,156.0,182.0,1
nuxt/nuxt.js,1,1,0,1,0,1,1,1,0,38887,38887,3152,32,nuxt/nuxt.js,346.0,0.0,30.0,0.0,5559.0,473.0,6158.0,6631.0,37.0,2869.0,2906.0,0.0,153.0,609.0,161.0,155.0,129.0,155.0,170.0,1
mermaid-js/mermaid,0,1,0,1,1,1,1,1,0,38813,38813,2865,33,mermaid-js/mermaid,342.0,0.0,30.0,0.0,4395.0,603.0,1111.0,1714.0,7.0,1075.0,1082.0,0.0,163.0,572.0,148.0,154.0,120.0,154.0,144.0,1
nwjs/nw.js,0,1,0,1,1,1,1,0,0,38575,38575,3936,34,nwjs/nw.js,128.0,0.0,0.0,0.0,4647.0,878.0,6131.0,7009.0,12.0,782.0,794.0,0.0,375.0,572.0,148.0,153.0,135.0,153.0,131.0,1
mozilla/pdf.js,1,1,0,1,0,1,1,1,0,36839,36839,8506,35,mozilla/pdf.js,436.0,1253069.0,30.0,40.0,15413.0,335.0,7773.0,8108.0,18.0,6454.0,6472.0,2.0,120.0,650.0,170.0,152.0,166.0,152.0,180.0,1
Unitech/pm2,0,0,0,1,1,1,0,0,0,36045,36045,2350,36,Unitech/pm2,311.0,0.0,30.0,0.0,4970.0,547.0,3943.0,4490.0,18.0,801.0,819.0,0.0,481.0,546.0,138.0,151.0,111.0,151.0,133.0,1
algorithm-visualizer/algorithm-visualizer,0,1,0,0,0,0,0,1,0,35938,35938,5839,37,algorithm-visualizer/algorithm-visualizer,28.0,0.0,0.0,0.0,664.0,19.0,65.0,84.0,17.0,216.0,233.0,1.0,25.0,551.0,140.0,150.0,149.0,150.0,102.0,1
GitSquared/edex-ui,1,1,0,1,0,1,1,0,0,34702,34702,1905,38,GitSquared/edex-ui,69.0,33734.0,29.0,129.0,1428.0,6.0,553.0,559.0,0.0,475.0,475.0,5.0,105.0,518.0,124.0,149.0,103.0,149.0,117.0,1
Marak/faker.js,1,1,0,1,1,1,1,0,0,34208,34208,2925,39,Marak/faker.js,0.0,0.0,2.0,0.0,0.0,0.0,0.0,0.0,0.0,0.0,0.0,0.0,0.0,420.0,95.0,148.0,123.0,148.0,1.0,0
hexojs/hexo,1,1,0,1,0,1,1,1,0,33813,33813,4229,40,hexojs/hexo,197.0,0.0,30.0,0.0,3517.0,73.0,3696.0,3769.0,5.0,1041.0,1046.0,1.0,51.0,574.0,152.0,147.0,138.0,147.0,142.0,1
sahat/hackathon-starter,1,1,0,1,1,1,1,1,0,32466,32466,7489,41,sahat/hackathon-starter,202.0,0.0,13.0,0.0,2541.0,24.0,583.0,607.0,30.0,530.0,560.0,0.0,560.0,572.0,148.0,146.0,159.0,146.0,121.0,1
gulpjs/gulp,1,1,0,1,1,0,1,1,0,32407,32407,4398,42,gulpjs/gulp,263.0,0.0,22.0,0.0,1197.0,26.0,1836.0,1862.0,3.0,645.0,648.0,5.0,140.0,555.0,142.0,145.0,139.0,145.0,126.0,1
videojs/video.js,1,1,0,1,0,1,1,1,0,32394,32394,6992,43,videojs/video.js,495.0,14002.0,30.0,30.0,3798.0,393.0,4307.0,4700.0,15.0,2804.0,2819.0,2.0,59.0,614.0,162.0,144.0,157.0,144.0,169.0,1
koajs/koa,1,1,0,1,0,1,1,0,0,32032,32032,3108,44,koajs/koa,228.0,0.0,0.0,0.0,1150.0,33.0,826.0,859.0,29.0,719.0,748.0,3.0,107.0,544.0,136.0,143.0,128.0,143.0,130.0,1
microsoft/playwright,1,1,0,1,0,0,1,0,0,31060,31060,1328,45,microsoft/playwright,213.0,0.0,30.0,0.0,7197.0,410.0,4173.0,4583.0,22.0,7595.0,7617.0,6.0,217.0,561.0,144.0,142.0,96.0,142.0,181.0,1
lerna/lerna,0,1,0,1,0,0,1,0,0,30890,30890,2038,46,lerna/lerna,282.0,0.0,30.0,0.0,2218.0,703.0,1488.0,2191.0,70.0,815.0,885.0,13.0,201.0,525.0,128.0,141.0,109.0,141.0,134.0,1
photonstorm/phaser,0,1,0,1,1,1,1,0,0,30850,30850,6600,47,photonstorm/phaser,601.0,26144.0,30.0,99.0,17143.0,141.0,3705.0,3846.0,7.0,2092.0,2099.0,0.0,1706.0,596.0,156.0,140.0,155.0,140.0,161.0,1
jondot/awesome-react-native,1,1,0,1,1,0,1,0,0,30706,30706,3784,48,jondot/awesome-react-native,631.0,0.0,0.0,0.0,2193.0,30.0,34.0,64.0,24.0,991.0,1015.0,0.0,1812.0,552.0,141.0,139.0,133.0,139.0,141.0,1
preactjs/preact,1,1,0,1,0,1,1,0,0,30465,30465,1696,49,preactjs/preact,324.0,33.0,30.0,1.0,4993.0,145.0,1334.0,1479.0,83.0,1776.0,1859.0,2.0,133.0,534.0,131.0,138.0,100.0,138.0,158.0,1
carbon-app/carbon,1,1,0,1,0,1,1,1,0,29206,29206,1629,50,carbon-app/carbon,183.0,0.0,30.0,0.0,1764.0,17.0,566.0,583.0,1.0,733.0,734.0,7.0,236.0,502.0,121.0,137.0,99.0,137.0,129.0,1
SheetJS/sheetjs,0,1,0,1,1,1,1,1,0,28307,28307,7237,51,SheetJS/sheetjs,184.0,0.0,0.0,0.0,674.0,105.0,2114.0,2219.0,10.0,275.0,285.0,53.0,189.0,534.0,131.0,136.0,158.0,136.0,104.0,1
react-boilerplate/react-boilerplate,1,1,0,1,0,1,1,0,0,28118,28118,5960,52,react-boilerplate/react-boilerplate,234.0,0.0,16.0,0.0,1457.0,57.0,1813.0,1870.0,36.0,1122.0,1158.0,11.0,119.0,569.0,146.0,135.0,151.0,135.0,148.0,1
tastejs/todomvc,1,1,0,1,0,1,1,0,0,27594,27594,13929,53,tastejs/todomvc,366.0,0.0,5.0,0.0,2905.0,128.0,628.0,756.0,59.0,1223.0,1282.0,6.0,87.0,593.0,155.0,134.0,175.0,134.0,150.0,1
kenwheeler/slick,1,1,0,1,0,1,1,1,1,27204,27204,5805,55,kenwheeler/slick,174.0,0.0,30.0,0.0,921.0,1130.0,2358.0,3488.0,209.0,466.0,675.0,5.0,131.0,541.0,134.0,133.0,148.0,133.0,127.0,1
gorhill/uBlock,1,0,0,1,1,1,1,0,0,27192,27192,2225,56,gorhill/uBlock,111.0,75694.0,30.0,103.0,9679.0,35.0,3416.0,3451.0,0.0,325.0,325.0,3.0,371.0,482.0,116.0,132.0,110.0,132.0,108.0,1
vuejs/vuex,0,1,0,1,1,1,1,1,0,27072,27072,9221,57,vuejs/vuex,337.0,0.0,30.0,0.0,1199.0,80.0,1131.0,1211.0,39.0,876.0,915.0,0.0,44.0,567.0,145.0,131.0,169.0,131.0,136.0,1
jgraph/drawio,0,1,0,1,0,1,0,1,0,26671,26671,5411,58,jgraph/drawio,37.0,3113.0,30.0,30.0,1728.0,230.0,2067.0,2297.0,1.0,135.0,136.0,0.0,78.0,498.0,120.0,130.0,145.0,130.0,93.0,1
markedjs/marked,1,1,0,1,0,1,1,0,0,26461,26461,3097,59,markedjs/marked,147.0,0.0,30.0,0.0,2681.0,47.0,1175.0,1222.0,2.0,1121.0,1123.0,0.0,141.0,530.0,129.0,129.0,126.0,129.0,146.0,1
elsewhencode/project-guidelines,0,1,0,1,0,1,1,1,0,25915,25915,2792,61,elsewhencode/project-guidelines,77.0,0.0,0.0,0.0,165.0,9.0,28.0,37.0,2.0,118.0,120.0,2.0,113.0,466.0,110.0,128.0,118.0,128.0,92.0,1
atlassian/react-beautiful-dnd,1,1,0,0,0,1,1,0,0,25693,25693,1938,62,atlassian/react-beautiful-dnd,129.0,0.0,30.0,0.0,795.0,446.0,998.0,1444.0,62.0,863.0,925.0,10.0,163.0,496.0,119.0,127.0,105.0,127.0,137.0,1
webtorrent/webtorrent,1,1,0,1,1,1,1,0,0,25470,25470,2471,63,webtorrent/webtorrent,189.0,0.0,30.0,0.0,3088.0,99.0,1392.0,1491.0,7.0,704.0,711.0,0.0,298.0,494.0,118.0,126.0,114.0,126.0,128.0,1
sentsin/layui,1,1,0,0,0,0,1,0,0,25412,25412,6849,64,sentsin/layui,20.0,2664.0,30.0,8.0,335.0,633.0,125.0,758.0,115.0,100.0,215.0,0.0,49.0,507.0,122.0,125.0,156.0,125.0,101.0,1
request/request,1,0,0,1,1,0,1,0,1,25378,25378,3106,65,request/request,347.0,0.0,0.0,0.0,2270.0,88.0,2130.0,2218.0,29.0,1128.0,1157.0,3.0,282.0,522.0,127.0,124.0,127.0,124.0,147.0,1
sequelize/sequelize,1,1,0,1,0,1,1,0,0,25349,25349,3899,66,sequelize/sequelize,1181.0,0.0,30.0,0.0,9210.0,787.0,8829.0,9616.0,54.0,4403.0,4457.0,4.0,214.0,555.0,142.0,123.0,134.0,123.0,175.0,1
naptha/tesseract.js,1,1,0,1,0,1,1,1,0,25178,25178,1716,67,naptha/tesseract.js,59.0,0.0,30.0,0.0,627.0,105.0,373.0,478.0,19.0,97.0,116.0,0.0,182.0,436.0,97.0,122.0,101.0,122.0,91.0,0
select2/select2,1,1,0,1,0,1,1,1,0,25166,25166,6266,68,select2/select2,551.0,0.0,29.0,0.0,2635.0,64.0,4622.0,4686.0,12.0,1436.0,1448.0,4.0,67.0,547.0,139.0,121.0,152.0,121.0,153.0,1
github/fetch,1,1,0,1,0,0,1,0,0,25095,25095,3096,69,github/fetch,76.0,11658017.0,30.0,5.0,654.0,15.0,570.0,585.0,2.0,286.0,288.0,10.0,77.0,470.0,111.0,120.0,125.0,120.0,105.0,1
typicode/husky,0,0,0,1,0,0,1,0,0,24920,24920,875,70,typicode/husky,91.0,0.0,30.0,0.0,814.0,10.0,800.0,810.0,3.0,295.0,298.0,0.0,193.0,437.0,99.0,119.0,93.0,119.0,106.0,0
GitbookIO/gitbook,0,1,0,1,0,1,1,0,0,24224,24224,3592,71,GitbookIO/gitbook,97.0,0.0,0.0,0.0,2377.0,0.0,0.0,0.0,64.0,315.0,379.0,0.0,125.0,482.0,116.0,118.0,132.0,118.0,114.0,1
codemirror/CodeMirror,0,1,0,1,0,0,1,0,0,23970,23970,4779,72,codemirror/CodeMirror,982.0,0.0,30.0,0.0,7048.0,415.0,3640.0,4055.0,25.0,2763.0,2788.0,1.0,29.0,542.0,135.0,117.0,140.0,117.0,168.0,1
GoogleChrome/lighthouse,1,1,0,1,0,0,1,1,0,23828,23828,8261,73,GoogleChrome/lighthouse,334.0,0.0,30.0,0.0,5124.0,490.0,7673.0,8163.0,56.0,4750.0,4806.0,0.0,277.0,572.0,148.0,116.0,164.0,116.0,176.0,1
goabstract/Awesome-Design-Tools,1,1,0,1,1,0,1,1,0,23707,23707,1788,74,goabstract/Awesome-Design-Tools,241.0,0.0,0.0,0.0,1649.0,1.0,25.0,26.0,53.0,306.0,359.0,0.0,867.0,443.0,101.0,115.0,102.0,115.0,111.0,1
Automattic/mongoose,1,1,0,1,1,1,1,1,0,23547,23547,3289,75,Automattic/mongoose,784.0,0.0,21.0,0.0,15718.0,326.0,8925.0,9251.0,15.0,2097.0,2112.0,8.0,160.0,520.0,126.0,114.0,130.0,114.0,162.0,1
SortableJS/Sortable,1,1,0,1,1,1,1,1,1,23508,23508,3354,76,SortableJS/Sortable,178.0,0.0,23.0,0.0,1074.0,348.0,1262.0,1610.0,14.0,450.0,464.0,11.0,207.0,473.0,113.0,113.0,131.0,113.0,116.0,1
parallax/jsPDF,1,1,0,1,0,1,1,1,0,23228,23228,4159,77,parallax/jsPDF,208.0,0.0,30.0,0.0,2266.0,100.0,2084.0,2184.0,11.0,1184.0,1195.0,1.0,53.0,510.0,123.0,112.0,137.0,112.0,149.0,1
bvaughn/react-virtualized,1,1,0,1,1,1,1,1,0,22874,22874,2848,78,bvaughn/react-virtualized,223.0,0.0,4.0,0.0,1985.0,387.0,709.0,1096.0,60.0,547.0,607.0,1.0,94.0,464.0,108.0,111.0,119.0,111.0,123.0,1
pcottle/learnGitBranching,0,1,0,1,0,0,1,1,0,22870,22870,5024,79,pcottle/learnGitBranching,265.0,0.0,0.0,0.0,2646.0,10.0,382.0,392.0,2.0,535.0,537.0,15.0,119.0,481.0,115.0,110.0,142.0,110.0,119.0,1
OAI/OpenAPI-Specification,0,1,0,1,1,1,1,0,0,22528,22528,7928,80,OAI/OpenAPI-Specification,218.0,0.0,10.0,0.0,1927.0,488.0,1324.0,1812.0,40.0,924.0,964.0,60.0,144.0,518.0,124.0,109.0,161.0,109.0,139.0,1
ccxt/ccxt,1,1,0,1,0,1,1,1,0,22322,22322,5478,81,ccxt/ccxt,654.0,0.0,0.0,0.0,50063.0,518.0,6145.0,6663.0,164.0,5340.0,5504.0,0.0,7061.0,540.0,133.0,108.0,146.0,108.0,178.0,1
Binaryify/NeteaseCloudMusicApi,1,0,0,1,1,1,1,0,0,22139,22139,6410,82,Binaryify/NeteaseCloudMusicApi,75.0,0.0,30.0,0.0,1144.0,92.0,1032.0,1124.0,14.0,324.0,338.0,55.0,139.0,477.0,114.0,107.0,153.0,107.0,110.0,1
balderdashy/sails,1,1,0,1,0,1,1,1,0,22111,22111,1934,83,balderdashy/sails,294.0,0.0,30.0,0.0,7143.0,456.0,5835.0,6291.0,64.0,831.0,895.0,1.0,249.0,451.0,103.0,106.0,104.0,106.0,135.0,1
pure-css/pure,0,1,0,1,0,1,1,1,0,22059,22059,2405,84,pure-css/pure,71.0,42833.0,24.0,11.0,719.0,0.0,562.0,562.0,0.0,367.0,367.0,5.0,82.0,436.0,97.0,105.0,113.0,105.0,113.0,0
redux-saga/redux-saga,1,1,0,1,0,1,1,0,0,21957,21957,1986,85,redux-saga/redux-saga,353.0,0.0,30.0,0.0,1902.0,38.0,1392.0,1430.0,13.0,790.0,803.0,4.0,137.0,447.0,102.0,104.0,107.0,104.0,132.0,1
immerjs/immer,0,0,0,1,0,1,1,1,0,21681,21681,672,87,immerjs/immer,159.0,0.0,30.0,0.0,1242.0,21.0,531.0,552.0,14.0,348.0,362.0,23.0,177.0,409.0,94.0,103.0,91.0,103.0,112.0,0
Tencent/wepy,1,1,0,1,0,0,1,1,0,21625,21625,3047,88,Tencent/wepy,191.0,0.0,8.0,0.0,2381.0,346.0,1783.0,2129.0,34.0,609.0,643.0,0.0,137.0,453.0,104.0,102.0,124.0,102.0,125.0,1
ramda/ramda,1,1,0,1,0,1,1,0,0,21444,21444,1366,89,ramda/ramda,344.0,0.0,26.0,0.0,2963.0,120.0,1428.0,1548.0,22.0,1662.0,1684.0,7.0,134.0,455.0,105.0,101.0,97.0,101.0,156.0,1
fastify/fastify,1,1,0,1,1,1,1,1,0,21343,21343,1577,90,fastify/fastify,497.0,0.0,30.0,0.0,3154.0,50.0,1303.0,1353.0,9.0,2236.0,2245.0,14.0,198.0,462.0,106.0,100.0,98.0,100.0,164.0,1
swagger-api/swagger-ui,1,1,0,1,1,0,1,1,0,21213,21213,8131,91,swagger-api/swagger-ui,527.0,0.0,30.0,0.0,5360.0,677.0,4064.0,4741.0,51.0,2978.0,3029.0,1.0,321.0,532.0,130.0,99.0,163.0,99.0,171.0,1
facebook/draft-js,0,1,0,1,0,1,1,1,0,21107,21107,2481,92,facebook/draft-js,338.0,0.0,26.0,0.0,1147.0,764.0,964.0,1728.0,166.0,1179.0,1345.0,4.0,30.0,462.0,106.0,98.0,115.0,98.0,151.0,1
bevacqua/dragula,0,1,0,1,0,1,1,1,1,20997,20997,1961,93,bevacqua/dragula,44.0,0.0,0.0,0.0,366.0,98.0,406.0,504.0,51.0,134.0,185.0,2.0,85.0,397.0,92.0,97.0,106.0,97.0,97.0,0
feathericons/feather,1,1,0,1,0,1,1,1,0,20975,20975,1007,94,feathericons/feather,40.0,0.0,30.0,0.0,634.0,339.0,221.0,560.0,113.0,450.0,563.0,1.0,72.0,408.0,93.0,96.0,94.0,96.0,122.0,0
mochajs/mocha,0,1,0,0,0,1,1,0,0,20949,20949,2903,95,mochajs/mocha,556.0,0.0,30.0,0.0,3558.0,225.0,2568.0,2793.0,38.0,1939.0,1977.0,7.0,37.0,470.0,111.0,95.0,121.0,95.0,159.0,1
rollup/rollup,1,1,0,1,0,1,1,1,0,20928,20928,1079,96,rollup/rollup,317.0,0.0,30.0,0.0,4858.0,362.0,2392.0,2754.0,21.0,1645.0,1666.0,1.0,67.0,438.0,100.0,94.0,95.0,94.0,155.0,1
sampotts/plyr,1,1,0,1,0,1,1,1,0,20806,20806,2507,97,sampotts/plyr,185.0,0.0,30.0,0.0,2205.0,702.0,1143.0,1845.0,32.0,462.0,494.0,8.0,28.0,420.0,95.0,93.0,116.0,93.0,118.0,0
paularmstrong/normalizr,1,1,0,1,0,1,1,0,0,20686,20686,844,98,paularmstrong/normalizr,72.0,147.0,25.0,54.0,454.0,22.0,279.0,301.0,16.0,173.0,189.0,3.0,21.0,374.0,91.0,92.0,92.0,92.0,98.0,0
fabricjs/fabric.js,0,1,0,1,0,1,1,0,0,20580,20580,2912,99,fabricjs/fabric.js,289.0,0.0,30.0,0.0,4390.0,247.0,5104.0,5351.0,36.0,2039.0,2075.0,2.0,157.0,464.0,108.0,91.0,122.0,91.0,160.0,1
Polyfiller/polyfiller,1,1,0,1,0,1,1,1,0,99,99,5,198,Polyfiller/polyfiller,1.0,0.0,0.0,0.0,217.0,0.0,0.0,0.0,0.0,0.0,0.0,0.0,82.0,204.0,56.0,90.0,23.0,90.0,1.0,0
philipshurpik/react-native-animated-tabs,1,0,0,1,0,0,1,0,0,98,98,14,197,philipshurpik/react-native-animated-tabs,1.0,0.0,0.0,0.0,34.0,2.0,2.0,4.0,0.0,0.0,0.0,0.0,8.0,241.0,75.0,89.0,62.0,89.0,1.0,0
springernature/webpagetest-mapper,1,1,0,1,1,1,1,0,0,97,97,13,196,springernature/webpagetest-mapper,5.0,0.0,0.0,0.0,340.0,3.0,10.0,13.0,1.0,11.0,12.0,1.0,46.0,309.0,85.0,88.0,58.0,88.0,75.0,0
jedireza/generator-hapi-style,0,1,0,1,0,1,0,1,0,96,96,17,195,jedireza/generator-hapi-style,3.0,0.0,0.0,0.0,74.0,1.0,14.0,15.0,0.0,20.0,20.0,1.0,12.0,320.0,87.0,87.0,65.0,87.0,81.0,0
uupaa/UserAgent.js,1,0,0,1,0,0,1,0,0,95,95,12,194,uupaa/UserAgent.js,1.0,0.0,0.0,0.0,36.0,1.0,3.0,4.0,0.0,1.0,1.0,1.0,8.0,272.0,77.0,86.0,55.0,86.0,45.0,0
RealOrangeOne/react-native-busy-indicator,1,1,0,1,0,0,1,0,0,94,94,39,193,RealOrangeOne/react-native-busy-indicator,7.0,0.0,3.0,0.0,78.0,0.0,5.0,5.0,0.0,18.0,18.0,0.0,18.0,332.0,88.0,85.0,84.0,85.0,78.0,0
Yaska/redux-mediaquery,1,1,0,1,1,0,0,0,0,93,93,6,192,Yaska/redux-mediaquery,5.0,0.0,1.0,0.0,22.0,2.0,0.0,2.0,0.0,0.0,0.0,0.0,16.0,195.0,51.0,84.0,26.0,84.0,1.0,0
thejsway/thejsway_fr-code,0,0,1,0,0,0,0,0,0,92,92,146,191,thejsway/thejsway_fr-code,4.0,0.0,0.0,0.0,94.0,8.0,3.0,11.0,9.0,9.0,18.0,0.0,8.0,334.0,89.0,83.0,90.0,83.0,78.0,0
humangeo/leaflet-tilefilter,1,1,0,1,1,0,1,0,0,91,91,19,190,humangeo/leaflet-tilefilter,7.0,0.0,0.0,0.0,25.0,5.0,3.0,8.0,0.0,0.0,0.0,0.0,5.0,231.0,72.0,82.0,66.0,82.0,1.0,0
bentolor/java9-in-action,0,0,0,1,0,0,0,0,0,90,90,42,189,bentolor/java9-in-action,5.0,0.0,0.0,0.0,26.0,0.0,0.0,0.0,0.0,4.0,4.0,0.0,4.0,303.0,83.0,81.0,85.0,81.0,56.0,0
css-modules/css-modules-loader-core,1,1,0,1,0,0,0,0,0,89,89,33,188,css-modules/css-modules-loader-core,8.0,0.0,0.0,0.0,145.0,19.0,7.0,26.0,13.0,198.0,211.0,0.0,7.0,339.0,90.0,80.0,80.0,80.0,99.0,0
stevenhauser/i-have-to-return-some-videotapes,0,1,0,1,1,0,1,0,0,88,88,20,187,stevenhauser/i-have-to-return-some-videotapes,3.0,0.0,0.0,0.0,168.0,4.0,4.0,8.0,0.0,9.0,9.0,0.0,6.0,295.0,82.0,79.0,68.0,79.0,69.0,0
omarish/tweetable,0,1,0,1,0,0,1,0,0,86,86,8,185,omarish/tweetable,2.0,0.0,0.0,0.0,11.0,1.0,0.0,1.0,0.0,0.0,0.0,0.0,8.0,195.0,51.0,78.0,38.0,78.0,1.0,0
vanng822/pagination,1,1,0,1,0,1,1,0,0,85,85,23,184,vanng822/pagination,5.0,0.0,5.0,0.0,97.0,1.0,5.0,6.0,0.0,3.0,3.0,0.0,26.0,281.0,79.0,77.0,74.0,77.0,53.0,0
josegonzalez/real-aws-status,0,1,0,1,1,0,0,0,0,84,84,3,183,josegonzalez/real-aws-status,5.0,2675.0,4.0,3.0,20.0,6.0,10.0,16.0,0.0,1.0,1.0,0.0,6.0,209.0,57.0,76.0,12.0,76.0,45.0,0
node-hocus-pocus/legerdemain,0,0,0,1,0,1,0,0,0,83,83,4,182,node-hocus-pocus/legerdemain,2.0,0.0,0.0,0.0,24.0,3.0,1.0,4.0,2.0,1.0,3.0,0.0,4.0,220.0,63.0,75.0,17.0,75.0,53.0,0
shama/base-element,1,1,0,1,0,1,1,0,0,82,82,7,181,shama/base-element,4.0,0.0,0.0,0.0,130.0,4.0,7.0,11.0,0.0,12.0,12.0,2.0,44.0,255.0,76.0,74.0,32.0,74.0,75.0,0
piliyu/react-getting-started,0,0,0,1,0,0,1,0,0,81,81,33,180,piliyu/react-getting-started,1.0,0.0,0.0,0.0,4.0,0.0,0.0,0.0,0.0,0.0,0.0,0.0,3.0,227.0,71.0,73.0,80.0,73.0,1.0,0
dermike/conversational-ui,1,1,0,1,0,0,0,0,0,80,80,20,179,dermike/conversational-ui,2.0,0.0,0.0,0.0,25.0,0.0,1.0,1.0,0.0,0.0,0.0,0.0,6.0,213.0,61.0,72.0,68.0,72.0,1.0,0
dmatteo/jsdomify,0,0,0,1,0,1,1,0,0,78,78,11,177,dmatteo/jsdomify,4.0,0.0,0.0,0.0,185.0,1.0,14.0,15.0,1.0,382.0,383.0,0.0,15.0,309.0,85.0,71.0,52.0,71.0,115.0,0
rollup/three-jsnext,1,1,0,1,1,1,1,0,0,77,77,118,176,rollup/three-jsnext,2.0,0.0,0.0,0.0,54.0,5.0,3.0,8.0,0.0,3.0,3.0,0.0,6.0,281.0,79.0,70.0,88.0,70.0,53.0,0
city41/node-sql-fixtures,0,1,0,1,1,0,1,1,0,76,76,13,175,city41/node-sql-fixtures,6.0,0.0,0.0,0.0,135.0,5.0,30.0,35.0,1.0,12.0,13.0,5.0,42.0,273.0,78.0,69.0,58.0,69.0,77.0,0
aurelia/bootstrapper,0,1,0,1,0,0,1,0,0,75,75,36,174,aurelia/bootstrapper,22.0,0.0,30.0,0.0,252.0,1.0,39.0,40.0,13.0,33.0,46.0,0.0,15.0,304.0,84.0,68.0,83.0,68.0,85.0,0
yinfxs/ibird,1,1,0,1,1,1,1,1,0,74,74,8,173,yinfxs/ibird,1.0,0.0,0.0,0.0,340.0,0.0,0.0,0.0,0.0,0.0,0.0,0.0,18.0,173.0,41.0,67.0,38.0,67.0,1.0,0
codepan/ionic,1,0,0,1,0,0,0,0,0,73,73,80,172,codepan/ionic,2.0,0.0,0.0,0.0,2.0,4.0,0.0,4.0,0.0,0.0,0.0,0.0,1.0,220.0,63.0,66.0,87.0,66.0,1.0,0
feeblejs/feeble,1,1,0,1,0,1,1,0,0,72,72,7,171,feeblejs/feeble,3.0,0.0,6.0,0.0,173.0,0.0,4.0,4.0,0.0,5.0,5.0,0.0,33.0,222.0,67.0,65.0,32.0,65.0,60.0,0
alexbeletsky/brick,0,0,0,1,0,1,0,0,0,71,71,6,170,alexbeletsky/brick,1.0,0.0,0.0,0.0,14.0,0.0,0.0,0.0,0.0,0.0,0.0,0.0,3.0,155.0,36.0,64.0,26.0,64.0,1.0,0
thenables/composition,0,0,0,1,0,0,1,0,0,70,70,6,169,thenables/composition,6.0,0.0,0.0,0.0,30.0,0.0,0.0,0.0,0.0,5.0,5.0,0.0,3.0,212.0,60.0,63.0,26.0,63.0,60.0,0
krakenjs/generator-swaggerize,1,0,0,1,0,0,0,0,0,69,69,34,168,krakenjs/generator-swaggerize,22.0,0.0,3.0,0.0,199.0,11.0,37.0,48.0,1.0,60.0,61.0,2.0,17.0,292.0,81.0,62.0,82.0,62.0,86.0,0
madshargreave/gitchecker,0,0,0,1,1,1,1,1,0,68,68,9,167,madshargreave/gitchecker,1.0,0.0,0.0,0.0,22.0,1.0,1.0,2.0,0.0,0.0,0.0,0.0,5.0,168.0,40.0,61.0,45.0,61.0,1.0,0
ljunb/react-native-iCityAction,1,1,0,0,0,0,0,0,0,67,67,21,166,ljunb/react-native-iCityAction,2.0,0.0,0.0,0.0,22.0,0.0,0.0,0.0,0.0,0.0,0.0,0.0,6.0,192.0,49.0,60.0,71.0,60.0,1.0,0
prettydiff/biddle,1,1,0,1,1,1,1,0,1,66,66,4,165,prettydiff/biddle,6.0,0.0,0.0,0.0,785.0,0.0,0.0,0.0,0.0,0.0,0.0,10.0,79.0,136.0,29.0,59.0,17.0,59.0,1.0,0
nathanmarks/jss-theme-reactor,1,0,0,1,0,1,0,0,0,65,65,8,164,nathanmarks/jss-theme-reactor,6.0,0.0,0.0,0.0,100.0,7.0,16.0,23.0,2.0,21.0,23.0,4.0,14.0,236.0,73.0,58.0,38.0,58.0,82.0,0
voronianski/xml2obj-stream,1,0,0,1,0,1,1,0,1,64,64,7,163,voronianski/xml2obj-stream,1.0,0.0,0.0,0.0,44.0,1.0,0.0,1.0,0.0,0.0,0.0,0.0,34.0,147.0,32.0,57.0,32.0,57.0,1.0,0
sogko/todomvc-relay-go,1,1,0,1,1,0,0,0,0,63,63,8,162,sogko/todomvc-relay-go,1.0,0.0,0.0,0.0,6.0,2.0,1.0,3.0,1.0,0.0,1.0,0.0,2.0,195.0,51.0,56.0,38.0,56.0,45.0,0
uy-xela/atom-tomatimer,0,1,0,1,1,0,1,0,1,62,62,7,161,uy-xela/atom-tomatimer,3.0,0.0,0.0,0.0,77.0,5.0,2.0,7.0,0.0,18.0,18.0,0.0,18.0,220.0,63.0,55.0,32.0,55.0,78.0,0
depop/archived-graphql-helpers,0,1,0,1,0,0,0,0,0,61,61,5,160,depop/archived-graphql-helpers,1.0,0.0,0.0,0.0,29.0,4.0,2.0,6.0,0.0,0.0,0.0,0.0,9.0,132.0,27.0,54.0,23.0,54.0,1.0,0
bakery/parse-graphql-server,0,1,0,1,0,1,1,0,0,60,60,13,159,bakery/parse-graphql-server,1.0,0.0,0.0,0.0,15.0,1.0,1.0,2.0,0.0,1.0,1.0,0.0,3.0,209.0,57.0,53.0,58.0,53.0,45.0,0
axross/tap-notify,0,1,0,1,0,1,0,0,0,59,59,10,158,axross/tap-notify,2.0,0.0,2.0,0.0,16.0,2.0,2.0,4.0,1.0,3.0,4.0,0.0,6.0,210.0,59.0,52.0,50.0,52.0,56.0,0
raquelxmoss/cycle-color-picker,1,1,0,1,0,0,1,0,0,58,58,9,157,raquelxmoss/cycle-color-picker,5.0,0.0,1.0,0.0,95.0,2.0,0.0,2.0,0.0,10.0,10.0,0.0,8.0,218.0,62.0,51.0,45.0,51.0,71.0,0
yoshuawuyts/server-router,1,0,0,1,0,1,1,0,0,57,57,8,156,yoshuawuyts/server-router,12.0,0.0,1.0,0.0,78.0,2.0,5.0,7.0,0.0,27.0,27.0,0.0,21.0,221.0,66.0,50.0,38.0,50.0,83.0,0
BoLaMN/loopback-component-admin,1,0,0,1,0,0,0,0,0,56,56,27,155,BoLaMN/loopback-component-admin,7.0,0.0,0.0,0.0,32.0,0.0,0.0,0.0,0.0,0.0,0.0,0.0,4.0,175.0,43.0,49.0,76.0,49.0,1.0,0
davideast/firebase-ionic-login-sample,1,1,0,1,0,0,1,0,0,55,55,19,154,davideast/firebase-ionic-login-sample,1.0,0.0,0.0,0.0,2.0,0.0,0.0,0.0,0.0,0.0,0.0,0.0,1.0,163.0,38.0,48.0,66.0,48.0,1.0,0
react-component/m-drawer,1,1,0,1,0,1,1,0,1,54,54,12,153,react-component/m-drawer,5.0,0.0,0.0,0.0,30.0,6.0,4.0,10.0,9.0,63.0,72.0,0.0,8.0,238.0,74.0,47.0,55.0,47.0,89.0,0
kimeshan/mf-proto,1,1,0,1,0,0,1,0,0,53,53,20,152,kimeshan/mf-proto,1.0,0.0,0.0,0.0,5.0,2.0,0.0,2.0,0.0,0.0,0.0,0.0,4.0,161.0,37.0,46.0,68.0,46.0,1.0,0
simon-engledew/dockerweb,0,1,0,1,0,0,1,0,0,52,52,6,151,simon-engledew/dockerweb,3.0,0.0,0.0,0.0,15.0,0.0,0.0,0.0,0.0,0.0,0.0,0.0,10.0,117.0,24.0,45.0,26.0,45.0,1.0,0
graphistry/cljs,0,1,0,1,1,0,1,0,0,51,51,6,150,graphistry/cljs,5.0,0.0,0.0,0.0,41.0,2.0,4.0,6.0,0.0,6.0,6.0,0.0,2.0,176.0,44.0,44.0,26.0,44.0,62.0,0
mixmaxhq/electron-editor-context-menu,0,0,0,1,1,1,1,0,0,50,50,9,149,mixmaxhq/electron-editor-context-menu,10.0,0.0,0.0,0.0,24.0,3.0,4.0,7.0,0.0,10.0,10.0,0.0,7.0,202.0,55.0,43.0,45.0,43.0,71.0,0
wacai/pt-goodjob,1,0,0,1,0,0,1,0,0,49,49,31,148,wacai/pt-goodjob,1.0,0.0,0.0,0.0,14.0,1.0,0.0,1.0,0.0,0.0,0.0,0.0,5.0,164.0,39.0,42.0,79.0,42.0,1.0,0
eliquious/electronify-server,0,1,0,1,0,0,1,0,0,48,48,7,147,eliquious/electronify-server,4.0,0.0,3.0,0.0,39.0,1.0,6.0,7.0,0.0,9.0,9.0,0.0,10.0,183.0,47.0,41.0,32.0,41.0,69.0,0
thelastpickle/cassandra-zipkin-tracing,0,1,0,1,0,0,1,0,0,46,46,10,145,thelastpickle/cassandra-zipkin-tracing,3.0,0.0,0.0,0.0,15.0,3.0,7.0,10.0,2.0,2.0,4.0,0.0,5.0,186.0,48.0,40.0,50.0,40.0,56.0,0
batdevis/swagger_engine,0,1,0,1,1,1,1,0,0,45,45,49,144,batdevis/swagger_engine,3.0,0.0,0.0,0.0,41.0,8.0,4.0,12.0,3.0,3.0,6.0,0.0,15.0,226.0,69.0,39.0,86.0,39.0,62.0,0
Vicfeel/OTMaps,1,0,0,1,1,1,1,0,0,43,43,22,142,Vicfeel/OTMaps,2.0,0.0,0.0,0.0,42.0,7.0,2.0,9.0,0.0,0.0,0.0,0.0,21.0,150.0,35.0,38.0,73.0,38.0,1.0,0
taggon/tidev,0,0,0,1,0,0,0,0,0,42,42,12,141,taggon/tidev,2.0,0.0,0.0,0.0,4.0,0.0,2.0,2.0,0.0,1.0,1.0,1.0,3.0,174.0,42.0,37.0,55.0,37.0,45.0,0
kunalgolani/eslint-config,1,1,0,1,0,0,1,0,0,41,41,16,140,kunalgolani/eslint-config,10.0,0.0,0.0,0.0,111.0,2.0,10.0,12.0,27.0,41.0,68.0,0.0,8.0,223.0,68.0,36.0,63.0,36.0,88.0,0
webdriverio-boneyard/wdio-mocha-framework,0,1,0,1,0,0,1,0,0,40,40,30,139,webdriverio-boneyard/wdio-mocha-framework,13.0,0.0,0.0,0.0,353.0,0.0,0.0,0.0,0.0,0.0,0.0,1.0,13.0,149.0,33.0,35.0,78.0,35.0,1.0,0
botwiki/botmakers.org,0,1,0,1,0,1,1,0,0,39,39,11,138,botwiki/botmakers.org,3.0,0.0,0.0,0.0,59.0,1.0,0.0,1.0,6.0,0.0,6.0,0.0,8.0,182.0,46.0,34.0,52.0,34.0,62.0,0
jhades/ng2-minimal,0,1,0,1,0,1,1,0,0,38,38,4,137,jhades/ng2-minimal,5.0,0.0,0.0,0.0,119.0,0.0,3.0,3.0,0.0,4.0,4.0,0.0,67.0,139.0,30.0,33.0,17.0,33.0,56.0,0
JSJitsu/hero-starter,0,1,0,1,0,0,1,1,0,37,37,129,136,JSJitsu/hero-starter,19.0,0.0,0.0,0.0,140.0,1.0,24.0,25.0,2.0,9.0,11.0,0.0,31.0,226.0,69.0,32.0,89.0,32.0,73.0,0
girliemac/dash-rickroll,0,1,0,1,0,0,0,0,0,36,36,21,135,girliemac/dash-rickroll,1.0,0.0,0.0,0.0,6.0,1.0,0.0,1.0,0.0,0.0,0.0,0.0,6.0,134.0,28.0,31.0,71.0,31.0,1.0,0
newghost/redblade,1,0,0,1,0,1,1,0,0,35,35,0,134,newghost/redblade,2.0,0.0,0.0,0.0,12.0,0.0,0.0,0.0,0.0,0.0,0.0,0.0,11.0,62.0,16.0,30.0,1.0,30.0,1.0,0
buckhx/diglet,1,1,0,1,0,1,1,0,0,34,34,2,133,buckhx/diglet,3.0,71.0,13.0,18.0,308.0,29.0,18.0,47.0,0.0,6.0,6.0,0.0,29.0,126.0,26.0,29.0,6.0,29.0,62.0,0
freeqaz/redux-simple-router-example,0,0,0,1,0,0,0,0,0,33,33,4,132,freeqaz/redux-simple-router-example,2.0,0.0,0.0,0.0,12.0,1.0,0.0,1.0,1.0,0.0,1.0,0.0,9.0,118.0,25.0,28.0,17.0,28.0,45.0,0
lovetheory/nkc2,1,1,0,1,1,1,1,0,0,32,32,13,131,lovetheory/nkc2,13.0,0.0,0.0,0.0,1812.0,0.0,3.0,3.0,0.0,66.0,66.0,0.0,40.0,199.0,54.0,27.0,58.0,27.0,87.0,0
mcollina/we-are-not-object-oriented-anymore-demo,1,0,0,1,0,0,0,0,0,31,31,8,130,mcollina/we-are-not-object-oriented-anymore-demo,2.0,0.0,0.0,0.0,8.0,0.0,0.0,0.0,0.0,0.0,0.0,0.0,2.0,91.0,20.0,26.0,38.0,26.0,1.0,0
yoshuawuyts/npm-install-package,1,0,0,1,0,1,1,0,0,30,30,2,129,yoshuawuyts/npm-install-package,3.0,0.0,0.0,0.0,11.0,0.0,0.0,0.0,0.0,0.0,0.0,0.0,4.0,57.0,13.0,25.0,6.0,25.0,1.0,0
cohitre/redux-json-api,1,1,0,1,0,0,1,0,0,29,29,3,128,cohitre/redux-json-api,1.0,0.0,0.0,0.0,8.0,0.0,0.0,0.0,0.0,0.0,0.0,0.0,1.0,61.0,15.0,24.0,12.0,24.0,1.0,0
cmxiaocai/Hi-Timed,1,0,0,0,0,0,0,0,0,27,27,8,126,cmxiaocai/Hi-Timed,1.0,0.0,0.0,0.0,9.0,0.0,0.0,0.0,0.0,0.0,0.0,0.0,8.0,85.0,19.0,23.0,38.0,23.0,1.0,0
kidnes/webpack_vue_easyui,0,0,0,1,0,0,0,0,0,26,26,6,125,kidnes/webpack_vue_easyui,1.0,0.0,0.0,0.0,4.0,0.0,0.0,0.0,0.0,0.0,0.0,0.0,2.0,71.0,18.0,22.0,26.0,22.0,1.0,0
mafintosh/stream-set,1,1,0,1,0,1,1,0,0,25,25,3,124,mafintosh/stream-set,1.0,0.0,0.0,0.0,6.0,0.0,0.0,0.0,0.0,0.0,0.0,0.0,4.0,55.0,12.0,21.0,12.0,21.0,1.0,0
maeltm/node-google-id-token-verifier,1,1,0,1,1,0,1,1,0,24,24,3,123,maeltm/node-google-id-token-verifier,2.0,0.0,0.0,0.0,27.0,3.0,1.0,4.0,1.0,5.0,6.0,0.0,8.0,114.0,22.0,20.0,12.0,20.0,62.0,0
react-d3/react-d3-tooltip,1,1,0,1,0,1,0,0,0,23,23,23,122,react-d3/react-d3-tooltip,9.0,0.0,0.0,0.0,88.0,13.0,10.0,23.0,2.0,6.0,8.0,0.0,10.0,179.0,45.0,19.0,74.0,19.0,67.0,0
AdamBrodzinski/phoenix-rethinkdb-example,1,0,0,1,0,0,1,0,0,22,22,3,121,AdamBrodzinski/phoenix-rethinkdb-example,1.0,0.0,0.0,0.0,6.0,0.0,0.0,0.0,0.0,0.0,0.0,0.0,2.0,49.0,8.0,18.0,12.0,18.0,1.0,0
AnalyzeOrFeed/aof-replay-client,0,0,0,1,0,0,0,0,0,21,21,4,120,AnalyzeOrFeed/aof-replay-client,2.0,4050.0,11.0,15.0,88.0,1.0,0.0,1.0,0.0,0.0,0.0,0.0,4.0,52.0,10.0,17.0,17.0,17.0,1.0,0
predixdesignsystem/px-app-nav,0,1,0,1,0,0,1,0,0,20,20,27,119,predixdesignsystem/px-app-nav,31.0,0.0,11.0,0.0,394.0,0.0,72.0,72.0,0.0,41.0,41.0,0.0,18.0,192.0,49.0,16.0,76.0,16.0,84.0,0
CrossLead/angular-zendesk-widget,0,0,0,1,0,0,0,0,0,19,19,11,118,CrossLead/angular-zendesk-widget,8.0,0.0,4.0,0.0,40.0,3.0,4.0,7.0,1.0,7.0,8.0,0.0,4.0,149.0,33.0,15.0,52.0,15.0,67.0,0
tobilg/docker-mongodb-marathon,1,1,0,1,1,0,1,0,0,18,18,16,117,tobilg/docker-mongodb-marathon,5.0,0.0,0.0,0.0,14.0,0.0,3.0,3.0,0.0,2.0,2.0,0.0,6.0,142.0,31.0,14.0,63.0,14.0,51.0,0
linagora/awesome-angular-swipe,0,1,0,1,0,1,0,0,0,17,17,4,116,linagora/awesome-angular-swipe,6.0,0.0,0.0,0.0,48.0,4.0,6.0,10.0,0.0,11.0,11.0,5.0,8.0,116.0,23.0,13.0,17.0,13.0,73.0,0
kylewelsby/airplay-chromecast,0,1,0,1,1,0,0,0,1,16,16,2,115,kylewelsby/airplay-chromecast,1.0,0.0,0.0,0.0,3.0,1.0,0.0,1.0,0.0,0.0,0.0,0.0,1.0,31.0,6.0,12.0,6.0,12.0,1.0,0
ahomu/rx.observable.combinetemplate,0,1,0,1,0,1,0,1,0,14,14,2,113,ahomu/rx.observable.combinetemplate,1.0,0.0,0.0,0.0,29.0,1.0,1.0,2.0,0.0,0.0,0.0,0.0,4.0,29.0,5.0,11.0,6.0,11.0,1.0,0
alejo8591/unipiloto-am-3,1,0,0,0,0,1,0,0,0,13,13,7,112,alejo8591/unipiloto-am-3,3.0,0.0,0.0,0.0,21.0,0.0,17.0,17.0,0.0,0.0,0.0,0.0,5.0,53.0,11.0,10.0,32.0,10.0,1.0,0
implicit-explicit/meetup_hacking,0,1,0,1,0,0,0,0,0,11,11,2,110,implicit-explicit/meetup_hacking,7.0,0.0,0.0,0.0,53.0,0.0,0.0,0.0,0.0,0.0,0.0,0.0,7.0,25.0,4.0,9.0,6.0,9.0,1.0,0
lizhanhui/rocketmq-cockpit,0,1,0,0,0,1,0,0,0,10,10,9,109,lizhanhui/rocketmq-cockpit,4.0,0.0,0.0,0.0,367.0,0.0,0.0,0.0,0.0,0.0,0.0,0.0,2.0,62.0,16.0,8.0,45.0,8.0,1.0,0
lukaslaobeyer/simplereflowserver,0,1,0,1,0,0,0,0,0,9,9,1,108,lukaslaobeyer/simplereflowserver,1.0,0.0,0.0,0.0,6.0,0.0,0.0,0.0,0.0,0.0,0.0,0.0,2.0,20.0,3.0,7.0,5.0,7.0,1.0,0
opencartbrasil/url-amigavel-automatica,1,0,0,0,0,0,0,0,0,8,8,5,107,opencartbrasil/url-amigavel-automatica,1.0,0.0,0.0,0.0,20.0,0.0,2.0,2.0,0.0,0.0,0.0,0.0,7.0,36.0,7.0,6.0,23.0,6.0,1.0,0
JakeCooper/Globo-Gym-Reboot,0,0,0,1,0,0,1,0,0,7,7,2,106,JakeCooper/Globo-Gym-Reboot,9.0,0.0,0.0,0.0,430.0,11.0,6.0,17.0,0.0,138.0,138.0,0.0,8.0,110.0,21.0,5.0,6.0,5.0,94.0,0
jacopotarantino/Lovelace,1,1,0,1,0,1,1,0,0,6,6,0,105,jacopotarantino/Lovelace,3.0,0.0,0.0,0.0,77.0,12.0,6.0,18.0,0.0,2.0,2.0,4.0,19.0,60.0,14.0,4.0,1.0,4.0,51.0,0
cgmartin/angular-spa-browserify-example,0,1,0,1,1,1,0,0,0,5,5,0,104,cgmartin/angular-spa-browserify-example,2.0,0.0,0.0,0.0,120.0,0.0,0.0,0.0,0.0,0.0,0.0,0.0,20.0,8.0,2.0,3.0,1.0,3.0,1.0,0
spark3dp/webapp-samples,0,1,0,1,0,0,1,0,0,4,4,9,103,spark3dp/webapp-samples,7.0,0.0,0.0,0.0,740.0,0.0,0.0,0.0,0.0,0.0,0.0,0.0,31.0,50.0,9.0,2.0,45.0,2.0,1.0,0
yourhead/ImageFunStack,0,1,0,1,0,0,1,0,0,3,3,0,102,yourhead/ImageFunStack,1.0,0.0,0.0,0.0,11.0,0.0,0.0,0.0,0.0,0.0,0.0,0.0,7.0,4.0,1.0,1.0,1.0,1.0,1.0,0
